seller_id;seller_city;seller_state;total_itens;total_pedidos;atraso_pct;nota_media
54965bbe3e4f07ae045b90b0b8541f52;foz do iguacu;PR;81;73;0.32098765432098764;3.0657894736842106
bbad7e518d7af88a0897397ffdca1979;sao paulo;SP;84;68;0.2261904761904762;3.0481927710843375
beadbee30901a7f61d031b6b686095ad;guarulhos;SP;68;64;0.22058823529411764;3.9411764705882355
6039e27294dc75811c0d8a39069f52c0;osasco;SP;75;63;0.21333333333333335;3.88
a49928bcdf77c55c6d6e05e09a9b4ca5;sao paulo;SP;104;96;0.21153846153846154;2.9711538461538463
2a261b5b644fa05f4f2700eb93544f2c;porto ferreira;SP;83;51;0.20481927710843373;3.3373493975903616
712e6ed8aa4aa1fa65dab41fed5737e4;videira;SC;86;77;0.19767441860465115;3.4705882352941178
06a2c3af7b3aee5d69171b0e14f0ee87;sao luis;MA;403;389;0.1935483870967742;4.025252525252525
ea566164622c6b439516ab18062c42cd;sao  paulo;SP;52;50;0.19230769230769232;3.75
0d85bbda9889ce1f7e63778d24f346eb;uberlandia;MG;58;51;0.1896551724137931;4.211538461538462
cac4c8e7b1ca6252d8f20b2fc1a2e4af;indaiatuba;SP;83;74;0.18072289156626506;3.548780487804878
cd68562d3f44870c08922d380acae552;ribeirao preto;SP;129;122;0.17829457364341086;3.90625
d20b021d3efdf267a402c402a48ea64b;ibitinga;SP;103;86;0.1650485436893204;3.7058823529411766
2c9e548be18521d1c43cde1c582c6de8;mogi das cruzes;SP;171;124;0.16374269005847952;3.9523809523809526
002100f778ceb8431b7a1020ff7ab48f;franca;SP;55;50;0.16363636363636364;4.036363636363636
e5a3438891c0bfdb9394643f95273d8e;limeira;SP;249;216;0.1606425702811245;3.8704453441295548
88460e8ebdecbfecb5f9601833981930;maringa;PR;309;246;0.15857605177993528;3.366883116883117
b17b679f4f5ce2e03ce6968c62648246;ribeirao preto;SP;51;50;0.1568627450980392;3.9215686274509802
11bfa66332777660bd0640ee84d47006;ribeirao preto;SP;103;76;0.1553398058252427;3.7766990291262137
6973a06f484aacf400ece213dbf3d946;sao jose dos campos;SP;110;89;0.15454545454545454;3.669724770642202
05f51e13da97139648b8125c31e5f51b;belo horizonte;MG;60;57;0.15;4.25
8160255418d5aaa7dbdc9f4c64ebda44;ibitinga;SP;427;380;0.14988290398126464;3.862559241706161
1ca7077d890b907f89be8c954a02686a;santana de parnaiba;SP;127;108;0.14960629921259844;2.2698412698412698
b561927807645834b59ef0d16ba55a24;sao paulo;SP;95;85;0.14736842105263157;4.336842105263158
e62b2d6ac10570a035a30bafcf01d263;sao paulo;SP;71;62;0.14084507042253522;3.8333333333333335
900ba814c251a692506d7834c1218441;salto;SP;86;86;0.13953488372093023;4.226190476190476
431af27f296bc6519d890aa5a05fdb11;ribeirao preto;SP;125;116;0.136;3.806451612903226
891071be6ba827b591264c90c2ae8a63;sao paulo;SP;91;85;0.13186813186813187;3.868131868131868
440dd6ab244315c632130ecfb63827b1;votuporanga;SP;92;91;0.13043478260869565;3.891304347826087
adbc26658d6c7b4b6219f9d934598091;curitiba;PR;92;88;0.13043478260869565;4.054347826086956
f7ba60f8c3f99e7ee4042fdef03b70c4;sao bernardo do campo;SP;231;218;0.12987012987012986;4.225108225108225
8b28d096634035667e8263d57ba3368c;sao jose dos campos;SP;151;139;0.12582781456953643;3.8986486486486487
855668e0971d4dfd7bef1b6a4133b41b;itatiba;SP;313;300;0.12460063897763578;3.838187702265372
7e1fb0a3ebfb01ffb3a7dae98bf3238d;franca;SP;169;155;0.1242603550295858;4.155688622754491
8f2ce03f928b567e3d56181ae20ae952;pirituba;SP;172;151;0.12209302325581395;4.116959064327485
643214e62b870443ccbe55ab29a4dccf;sao paulo;SP;66;65;0.12121212121212122;4.409090909090909
fffd5413c0700ac820c7069d66d98c89;amparo;SP;58;57;0.1206896551724138;3.912280701754386
048c2757535328e0d7dac690ad3c0aae;franca;SP;50;50;0.12;4.244897959183674
1eade46fba20122dc4aefb379f8c636b;sao paulo;SP;75;58;0.12;4.306666666666667
75d34ebb1bd0bd7dde40dd507b8169c3;salvador;BA;67;57;0.11940298507462686;3.985074626865672
ba143b05f0110f0dc71ad71b4466ce92;sao paulo;SP;84;83;0.11904761904761904;4.464285714285714
b33e7c55446eabf8fe1a42d037ac7d6d;pradopolis;SP;152;149;0.11842105263157894;4.190789473684211
7aa4334be125fcdd2ba64b3180029f14;laranjal paulista;SP;237;214;0.11814345991561181;4.080508474576271
a6fe7de3d16f6149ffe280349a8535a0;franca;SP;51;50;0.11764705882352941;4.06
0b35c634521043bf4b47e21547b99ab5;teixeira soares;PR;77;50;0.11688311688311688;3.526315789473684
34056b8b55c1775a22af2331670a799c;penapolis;SP;77;77;0.11688311688311688;4.038961038961039
2e90cb1677d35cfe24eef47d441b7c87;sao paulo;SP;137;127;0.11678832116788321;4.036496350364963
7ad32824caee82087b3e2e5f33b1bf32;ibitinga;SP;180;147;0.11666666666666667;3.785310734463277
972d0f9cf61b499a4812cf0bfa3ad3c4;brusque;SC;86;81;0.11627906976744186;2.9642857142857144
2eb70248d66e0e3ef83659f71b244378;campinas;SP;198;187;0.11616161616161616;2.805128205128205
b1fc4f64df5a0e8b6913ab38803c57a9;sao goncalo;RJ;121;107;0.11570247933884298;3.7815126050420167
c31eff8334d6b3047ed34bebd4d62c36;salto;SP;121;120;0.11570247933884298;3.875
318f287a62ab7ac10b703ac37435a231;sao paulo;SP;61;51;0.11475409836065574;3.918032786885246
b499c00f28f4b7069ff6550af8c1348a;limeira;SP;183;147;0.11475409836065574;4.229508196721311
b2479f944e1b90cf8a5de1bbfde284d6;ibitinga;SP;132;101;0.11363636363636363;3.3206106870229006
59b22a78efb79a4797979612b885db36;uberlandia;MG;133;125;0.11278195488721804;3.9696969696969697
dd7ddc04e1b6c2c614352b383efe2d36;sao paulo;SP;142;121;0.11267605633802817;3.780141843971631
7d13fca15225358621be4086e1eb0964;ribeirao preto;SP;571;558;0.11208406304728546;4.017605633802817
897060da8b9a21f655304d50fd935913;ribeirao preto;SP;417;304;0.11031175059952038;3.4745762711864407
f3da5b2ff499efb8d4a6d371d175d7dd;sao paulo;SP;83;77;0.10843373493975904;3.902439024390244
a416b6a846a11724393025641d4edd5e;sao paulo;SP;176;157;0.10795454545454546;4.215909090909091
8444e55c1f13cd5c179851e5ca5ebd00;congonhal;MG;102;92;0.10784313725490197;3.156862745098039
056b4ada5bbc2c50cc7842547dda6b51;queimados;RJ;65;64;0.1076923076923077;4.15625
6fd52c528dcb38be2eea044946b811f8;sao paulo;SP;84;67;0.10714285714285714;3.5
4869f7a5dfa277a7dca6462dcf3b52b2;guariba;SP;1148;1124;0.10540069686411149;4.139473684210526
fd386aa7bed2af3c7035c65506c9b4a3;sao paulo;SP;76;69;0.10526315789473684;4.355263157894737
99eaacc9e6046db1c82b163c5f84869f;franca;SP;67;63;0.1044776119402985;4.014925373134329
a673821011d0cec28146ea42f5ab767f;sao paulo;SP;144;125;0.10416666666666667;3.9130434782608696
5058e8c1e82653974541e83690655b4a;itaquaquecetuba;SP;77;62;0.1038961038961039;3.08
f46490624488d3ff7ce78613913a7711;guarulhos;SP;87;80;0.10344827586206896;3.574712643678161
50c9975695009e5e6473912e83a6d1da;claudio;MG;68;50;0.10294117647058823;3.985074626865672
c3867b4666c7d76867627c2f7fb22e21;guara;SP;243;228;0.102880658436214;4.024896265560166
3db66a856d18a9cba7c9241fc5221c50;ponte nova;MG;99;94;0.10101010101010101;4.171717171717172
06579cb253ecd5a3a12a9e6eb6bf8f47;sao paulo - sp;SP;70;61;0.1;3.842857142857143
42b729f859728f5079499127a9c2ef37;sao paulo;SP;131;103;0.09923664122137404;4.364341085271318
3df020b72d3d44b3af9d110fa3940b65;jales;SP;101;55;0.09900990099009901;3.9504950495049505
8e6d7754bc7e0f22c96d255ebda59eba;sao jose dos campos;SP;132;84;0.09848484848484848;3.0303030303030303
527801b552d0077ffd170872eb49683b;garca;SP;92;90;0.09782608695652174;4.483516483516484
4a3ca9315b744ce9f8e9374361493884;ibitinga;SP;1971;1772;0.09690512430238457;3.8286300667008724
e9bc59e7b60fc3063eb2290deda4cced;maringa;PR;260;209;0.09615384615384616;4.0346153846153845
4e17c65a516f69d023a2ae78b84f28d6;suzano;SP;74;61;0.0945945945945946;4.081081081081081
23d7c96d4a1160db1c726b248601b25a;capivari;SP;53;50;0.09433962264150944;3.9215686274509802
f0b47fbbc6dee9aafe415a6e33051b3f;maua;SP;85;67;0.09411764705882353;4.258823529411765
e9d99831abad74458942f21e16f33f92;sao paulo;SP;149;130;0.09395973154362416;3.9054054054054053
165fc07beebdcb6190fba8a06db2a449;maringa;PR;64;50;0.09375;3.6875
70a12e78e608ac31179aea7f8422044b;jacarei;SP;323;312;0.09287925696594428;3.794392523364486
f84a00e60c73a49e7e851c9bdca3a5bb;rio de janeiro;RJ;97;88;0.09278350515463918;3.7216494845360826
a888faf2d1baececa6baf9c3d603ee1f;umuarama;PR;54;53;0.09259259259259259;4.111111111111111
fa1c13f2614d7b5c4749cbc52fecda94;sumare;SP;579;578;0.09153713298791019;4.373913043478261
5343d0649eca2a983820bfe93fc4d17e;santo andre;SP;110;70;0.09090909090909091;3.638888888888889
aac29b1b99776be73c3049939652091d;uberlandia;MG;133;94;0.09022556390977443;4.007751937984496
634964b17796e64304cadf1ad3050fb7;rio de janeiro;RJ;323;265;0.08978328173374613;3.873065015479876
4e922959ae960d389249c378d1c939f5;jacarei;SP;446;412;0.08968609865470852;3.9027149321266967
f84fa566034f5e8e880a07ec624c56af;indaiatuba;SP;101;89;0.0891089108910891;4.306930693069307
1835b56ce799e6a4dc4eddc053f04066;ibitinga;SP;553;417;0.08860759493670886;3.619744058500914
23613d49c3ac2bd302259e55c06c050c;porto ferreira;SP;79;69;0.08860759493670886;3.6923076923076925
7c67e1448b00f6e969d365cea6b010ab;itaquaquecetuba;SP;1366;973;0.08857979502196194;3.35419734904271
77530e9772f57a62c906e1c21538ab82;curitiba;PR;384;312;0.08854166666666667;4.0859375
a3e9a2c700480d9bb01fba070ba80a0e;ibitinga;SP;147;129;0.08843537414965986;4.020689655172414
8648b1e89e9b349e32d3741b30ec737e;jacarei;SP;102;93;0.08823529411764706;4.127450980392157
d13e50eaa47b4cbe9eb81465865d8cfc;santo andre;SP;68;66;0.08823529411764706;4.8088235294117645
0dd184061fb0eaa7ca37932c68ab91c5;guarulhos;SP;193;161;0.08808290155440414;3.953125
7d76b645482be4a332374e8223836592;sao paulo;SP;183;172;0.08743169398907104;3.9668508287292816
cfb1a033743668a192316f3c6d1d2671;votorantim;SP;184;143;0.08695652173913043;3.9945355191256833
8b321bb669392f5163d04c59e235e066;sao paulo;SP;1005;930;0.08656716417910448;4.021978021978022
ececbfcff9804a2d6b40f589df8eef2b;franca;SP;104;97;0.08653846153846154;4.125
b14db04aa7881970e83ffa9426897925;sorocaba;SP;105;78;0.08571428571428572;3.8020833333333335
fe2032dab1a61af8794248c8196565c9;campinas;SP;305;293;0.08524590163934426;4.395348837209302
5d0363b33554b373851fc1622e4d5f3c;atibaia;SP;94;93;0.0851063829787234;4.085106382978723
4c2b230173bb36f9b240f2b8ac11786e;sao paulo;SP;344;258;0.08430232558139535;3.761764705882353
522620dcb18a6b31cd7bdf73665113a9;cascavel;PR;178;172;0.08426966292134831;3.914285714285714
ea8482cd71df3c1969d7b9473ff13abc;sao paulo;SP;1188;1132;0.08417508417508418;3.983065198983912
76d5af76d0271110f9af36c92573f765;sao paulo;SP;155;128;0.08387096774193549;4.097402597402597
620c87c171fb2a6dd6e8bb4dec959fc6;petropolis;RJ;787;724;0.08386277001270648;4.2661498708010335
ce7d1888639e6fb06b2749cbfdac1ff7;baependi;MG;84;78;0.08333333333333333;4.107142857142857
218d46b86c1881d022bce9c68a7d4b15;ribeirao preto;SP;421;382;0.0831353919239905;4.174224343675418
3b15288545f8928d3e65a8f949a28291;ibitinga;SP;121;101;0.08264462809917356;3.908333333333333
1d8dbc4f32378d715c717c1c1fc57bae;arapongas;PR;97;91;0.08247422680412371;3.9263157894736844
1336efc61c316ddf92c899eb817f7cae;assis;SP;85;74;0.08235294117647059;3.9411764705882355
17f51e7198701186712e53a39c564617;sao paulo;SP;61;56;0.08196721311475409;4.344262295081967
f27e33c6d29b5138fa9967bcd445b6d5;sao paulo;SP;98;93;0.08163265306122448;4.091836734693878
ef506c96320abeedfb894c34db06f478;sao paulo;SP;333;316;0.08108108108108109;3.93030303030303
8581055ce74af1daba164fdbd55a40de;guarulhos;SP;432;379;0.08101851851851852;4.2645011600928076
391fc6631aebcf3004804e51b40bcf1e;ibitinga;SP;619;521;0.08077544426494346;3.970684039087948
7ddcbb64b5bc1ef36ca8c151f6ec77df;sao paulo;SP;335;325;0.08059701492537313;3.9728915662650603
729f06993dac8e860d4f02d7088ca48a;limeira;SP;113;94;0.07964601769911504;4.330357142857143
37515688008a7a40ac93e3b2e4ab203f;dracena;SP;239;227;0.0794979079497908;4.0928270042194095
cbd996ad3c1b7dc71fd0e5f5df9087e2;sao jose do rio preto;SP;189;160;0.07936507936507936;4.132596685082873
9646c3513289980f17226a2fc4720dbd;sao jose dos campos;SP;76;69;0.07894736842105263;4.342105263157895
16090f2ca825584b5a147ab24aa30c86;atibaia;SP;406;398;0.07881773399014778;4.07196029776675
9c0e69c7bf2619675bbadf47b43f655a;sao jose dos campos;SP;204;151;0.0784313725490196;4.064356435643564
058fd0aa2bfdb2274e05e1ae971dabb6;santo andre;SP;64;60;0.078125;4.375
715bbd5ba4e6b74cb0d2f29eb45058b0;serra negra;SP;64;62;0.078125;4.46875
1f50f920176fa81dab994f9023523100;sao jose do rio preto;SP;1935;1399;0.07803617571059432;3.9875454073689673
7681ef142fd2c19048da7430856b5588;guarulhos;SP;77;58;0.07792207792207792;4.173333333333333
8e8a7ce9f2f970dc00e2acf6f6e199f6;sao goncalo;RJ;65;63;0.07692307692307693;3.9846153846153847
04308b1ee57b6625f47df1d56f00eedf;bombinhas;SC;92;92;0.07608695652173914;3.9456521739130435
ce248b21cb2adc36282ede306b7660e5;jaragua do sul;SC;66;64;0.07575757575757576;4.257575757575758
6a8b085f816a1f75f92dbac6eb545f8f;bebedouro;SP;134;125;0.07462686567164178;4.164179104477612
624f4ece8da4aafb77699233d480f8ef;sao paulo;SP;54;52;0.07407407407407407;4.185185185185185
54a1852d1b8f10312c55e906355666ee;santa barbara d'oeste;SP;203;198;0.07389162561576355;4.371287128712871
f262cbc1c910c83959f849465454ddd3;sao paulo;SP;204;189;0.07352941176470588;4.1182266009852215
213b25e6f54661939f11710a6fddb871;salto;SP;191;152;0.07329842931937172;3.8297872340425534
e59aa562b9f8076dd550fcddf0e73491;curitiba;PR;82;69;0.07317073170731707;4.329268292682927
17e34d8224d27a541263c4c64b11a56b;riberao preto;SP;260;247;0.07307692307692308;4.2015503875969
e24fc9fcd865784fb25705606fe3dfe7;braganca paulista;SP;55;51;0.07272727272727272;4.181818181818182
a420f60ff1aa9acc80d0e42959f2b313;sao paulo;SP;69;67;0.07246376811594203;3.925373134328358
7040e82f899a04d1b434b795a43b4617;sao paulo;SP;223;208;0.07174887892376682;3.5863636363636364
e5a38146df062edaf55c38afa99e42dc;sao paulo;SP;126;120;0.07142857142857142;3.976
6860153b69cc696d5dcfe1cdaaafcf62;capivari;SP;84;74;0.07142857142857142;4.156626506024097
c9c7905cffc4ef9ff9f113554423e671;itapecerica da serra;SP;140;127;0.07142857142857142;4.164285714285715
70c27847eca8195c983ed7e798c56743;rio de janeiro;RJ;98;77;0.07142857142857142;4.204081632653061
ef0ace09169ac090589d85746e3e036f;sao goncalo;RJ;140;128;0.07142857142857142;4.364285714285714
c826c40d7b19f62a09e2d7c5e7295ee2;guarulhos;SP;365;346;0.07123287671232877;4.09065934065934
66922902710d126a0e7d26b0e3805106;belo horizonte;MG;155;150;0.07096774193548387;4.474025974025974
d673a59aac7a70d8b01e6902bf090a11;ibitinga;SP;85;79;0.07058823529411765;3.976470588235294
c8b0e2b0a7095e5d8219575d5e7e1181;itaquaquecetuba;SP;85;84;0.07058823529411765;4.0476190476190474
f214d28e8d8e3ef068748498ccc2f813;sao paulo;SP;57;52;0.07017543859649122;4.125
7142540dd4c91e2237acb7e911c4eba2;penapolis;SP;330;316;0.0696969696969697;4.060975609756097
004c9cd9d87a3c30c522c48c4fc07416;ibitinga;SP;174;156;0.06896551724137931;4.145348837209302
edb1ef5e36e0c8cd84eb3c9b003e486d;teresopolis;RJ;174;165;0.06896551724137931;4.454022988505747
f7ccf836d21b2fb1de37564105216cc1;ibitinga;SP;73;69;0.0684931506849315;3.859154929577465
48436dade18ac8b2bce089ec2a041202;volta redonda;SP;147;134;0.06802721088435375;4.129251700680272
dc4a0fc896dc34b0d5bfec8438291c80;ibitinga;SP;250;225;0.068;3.792
f5a590cf36251cf1162ea35bef76fe84;sao bernardo do campo;SP;118;113;0.06779661016949153;4.279661016949152
4a3ccda38b2129705f3fb522db62ca31;marilia;SP;74;64;0.06756756756756757;3.810810810810811
de23c3b98a88888289c6f5cc1209054a;sao paulo;SP;178;161;0.06741573033707865;4.314606741573034
bd0389da23d89b726abf911cccc54596;brasilia;DF;90;87;0.06666666666666667;4.2
1025f0e2d44d7041d6cf58b6550e0bfa;sao paulo;SP;1434;910;0.06624825662482567;3.8677918424753868
f45122a9ab94eb4f3f8953578bc0c560;piracicaba;SP;197;184;0.06598984771573604;3.9238578680203045
e067ad2c1c0b48758eb1b5228bcf7a68;santos;SP;61;54;0.06557377049180328;4.131147540983607
aba1721a889e04decc910aa13b768ef4;sao paulo;SP;92;83;0.06521739130434782;4.456521739130435
d6b1ce66b035a475f00c017792ff9769;salto;SP;108;92;0.06481481481481481;4.165048543689321
1900267e848ceeba8fa32d80c1a5f5a8;ibitinga;SP;526;406;0.06463878326996197;3.8783783783783785
7e3f87d16fb353f408d467e74fbd8014;sao paulo;SP;93;91;0.06451612903225806;4.161290322580645
8a130737016f838139d31878787a39c9;sao paulo;SP;62;56;0.06451612903225806;4.354838709677419
955fee9216a65b617aa5c0531780ce60;sao paulo;SP;1474;1261;0.06445047489823609;4.08948087431694
f80edd2c5aaa505cc4b0a3b219abf4b8;sao paulo;SP;125;116;0.064;4.137096774193548
da8622b14eb17ae2831f4ac5b9dab84a;piracicaba;SP;1571;1311;0.06365372374283895;4.075399361022364
00ee68308b45bc5e2660cd833c3f81cc;sao paulo;SP;173;135;0.06358381502890173;4.3313953488372094
ccc4bbb5f32a6ab2b7066a4130f114e3;curitiba;PR;189;184;0.06349206349206349;4.319148936170213
6d66611d7c44cc30ce351abc49a68421;sao paulo;SP;174;164;0.06321839080459771;3.9302325581395348
4371b634e0efc0e22b09b52907d9d469;sao paulo;SP;111;101;0.06306306306306306;4.4363636363636365
0be8ff43f22e456b4e0371b2245e4d01;sao paulo;SP;175;156;0.06285714285714286;3.9657142857142857
b2ba3715d723d245138f291a6fe42594;sao paulo;SP;350;324;0.06285714285714286;4.204610951008646
d05ae8f7a5bd1d2a690a44cd079e4e27;rio de janeiro;RJ;80;77;0.0625;3.8227848101265822
3be634553519fb6536a03e1358e9fdc7;sao paulo;SP;96;80;0.0625;4.0
96493fab2fbb13a14d0c0e8772eef5c3;sao paulo;SP;64;63;0.0625;4.031746031746032
e9779976487b77c6d4ac45f75ec7afe9;praia grande;SP;739;645;0.06224627875507442;4.205163043478261
70eea00b476a314817cefde4aad4f89a;itatiba;SP;113;106;0.061946902654867256;4.383928571428571
f4aba7c0bca51484c30ab7bdc34bcdd1;sao paulo;SP;115;108;0.06086956521739131;3.8956521739130436
7a241947449cc45dbfda4f9d0798d9d0;jacutinga;MG;66;56;0.06060606060606061;3.7846153846153845
834f3294fba9f932f56edc879193f925;araraquara;SP;66;66;0.06060606060606061;4.545454545454546
5b925e1d006e9476d738aa200751b73b;sao paulo;SP;66;63;0.06060606060606061;4.606060606060606
d1c281d3ae149232351cd8c8cc885f0d;ibitinga;SP;248;214;0.06048387096774194;3.8252032520325203
4c18691b6037662be2df78a765d98ab5;sao paulo;SP;67;63;0.05970149253731343;3.8358208955223883
2e1c9f22be269ef4643f826c9e650a52;sao paulo;SP;168;161;0.05952380952380952;4.2395209580838324
1bb2bdb95f4841f1bba2c0d2cd83d3c9;sao paulo;SP;84;79;0.05952380952380952;4.578313253012048
1554a68530182680ad5c8b042c3ab563;monte siao;MG;270;246;0.05925925925925926;4.272388059701493
5656537e588803a555b8eb41f07a944b;brasilia;DF;186;171;0.05913978494623656;3.8225806451612905
25c5c91f63607446a97b143d2d535d31;itauna;MG;271;156;0.05904059040590406;3.7185185185185183
7ea5bfa6c340f58f8e71fc1f0412b0d6;belo horizonte;MG;102;96;0.058823529411764705;4.138613861386139
6d803cb79cc31c41c4c789a75933b3c7;sao joaquim da barra;SP;68;58;0.058823529411764705;4.279411764705882
4b9750c8ad28220fe6702d4ecb7c898f;limeira;SP;221;217;0.058823529411764705;4.352941176470588
8a32e327fe2c1b3511609d81aaf9f042;sao paulo;SP;171;126;0.05847953216374269;3.9467455621301775
951e8cef368f09bb3f3d03c00ca4702c;ibitinga;SP;69;62;0.057971014492753624;4.164179104477612
827f8f69dfa529c561901c4f2e0f332f;curitiba;PR;105;91;0.05714285714285714;4.252427184466019
8d956fec2e4337affcb520f56fd8cbfd;sao bernardo do campo;SP;228;210;0.05701754385964912;4.206140350877193
3c7c4a49ec3c6550809089c6a2ca9370;sao paulo;SP;159;139;0.05660377358490566;3.7169811320754715
2a7dc43cecabf23403078e2188437d1d;sao paulo;SP;54;52;0.05555555555555555;4.092592592592593
59fb871bf6f4522a87ba567b42dafecf;sao paulo;SP;126;123;0.05555555555555555;4.261904761904762
46dc3b2cc0980fb8ec44634e21d2718e;rio de janeiro;RJ;524;504;0.05534351145038168;4.25725338491296
5f2684dab12e59f83bef73ae57724e45;sao paulo;SP;73;67;0.0547945205479452;3.7534246575342465
4992e76a42cb3aad7a7047e0d3d7e729;sao paulo;SP;73;56;0.0547945205479452;3.8767123287671232
3d871de0142ce09b7081e2b9d1733cb1;campo limpo paulista;SP;1132;1064;0.054770318021201414;4.150892857142857
f457c46070d02cadd8a68551231220dd;maringa;PR;238;195;0.0546218487394958;3.818565400843882
8e6cc767478edae941d9bd9eb778d77a;araguari;MG;110;100;0.05454545454545454;4.027777777777778
1127b7f2594683f2510f1c2c834a486b;campinas;SP;129;110;0.05426356589147287;4.186046511627907
dd2bdf855a9172734fbc3744021ae9b9;belo horizonte;MG;111;105;0.05405405405405406;3.8190476190476192
01fdefa7697d26ad920e9e0346d4bd1b;londrina;PR;130;128;0.05384615384615385;4.372093023255814
17a053fcb14bd219540cbde0df490be0;mogi guacu;SP;149;124;0.053691275167785234;4.2312925170068025
09f952a5f58d2285b0372551ae8f9b01;sao bernardo do campo;SP;56;50;0.05357142857142857;3.875
d650b663c3b5f6fb392b6326366efa9a;cotia;SP;57;57;0.05263157894736842;4.368421052631579
5dceca129747e92ff8ef7a997dc4f8ca;santa barbara d´oeste;SP;343;322;0.052478134110787174;4.017699115044247
bfd27a966d91cfaafdb25d076585f0da;serra negra;SP;115;114;0.05217391304347826;4.324561403508772
1f9ab4708f3056ede07124aad39a2554;tupa;SP;77;76;0.05194805194805195;4.105263157894737
7a67c85e85bb2ce8582c35f2203ad736;sao paulo;SP;1159;1145;0.05176876617773943;4.268462206776716
dc317f341ab0e22f39acbd9dbf9b4a1f;cachoeirinha;RS;58;55;0.05172413793103448;4.120689655172414
45d33f715e24d15a6ccf5c17b3a23e3c;sorocaba;SP;58;56;0.05172413793103448;4.172413793103448
d9a84e1403de8da0c3aa531d6d108ba6;sao paulo;SP;58;53;0.05172413793103448;4.620689655172414
08633c14ef2db992c11f840f04fad4cd;ribeirao pires;SP;97;74;0.05154639175257732;4.237113402061856
6560211a19b47992c3666cc44a7e94c0;sao paulo;SP;2002;1819;0.05144855144855145;3.9516372795969774
001cca7ae9ae17fb1caed9dfb1094831;cariacica;ES;234;195;0.05128205128205128;3.965367965367965
a17f621c590ea0fab3d5d883e1630ec6;sorocaba;SP;78;63;0.05128205128205128;4.175675675675675
cc419e0650a3c5ba77189a1882b7556a;santo andre;SP;1759;1651;0.051165434906196704;4.145868945868946
b6d44737c043328708f6749c2dbe50bd;santo andre;SP;79;61;0.05063291139240506;4.569620253164557
c70c1b0d8ca86052f45a432a38b73958;hortolandia;SP;336;260;0.050595238095238096;4.315315315315315
fa40cc5b934574b62717c68f3d678b6d;sao paulo;SP;338;304;0.05029585798816568;4.439169139465875
f8db351d8c4c4c22c6835c19a46f01b0;salto;SP;716;659;0.05027932960893855;4.2510518934081345
c003204e1ab016dfa150abc119207b24;cajamar;SP;200;195;0.05;4.44
8cbac7e12637ed9cffa18c7875207478;jaragua do sul;SC;81;66;0.04938271604938271;4.185185185185185
8f119a0aee85c0c8fc534629734e94fd;barueri;SP;81;75;0.04938271604938271;4.246913580246914
a1043bafd471dff536d0c462352beb48;ilicinea;MG;752;702;0.04920212765957447;4.246666666666667
d9bd94811c3338dceb4181f3dbc0c73e;sao paulo;SP;61;54;0.04918032786885246;4.819672131147541
ceaec5548eefc6e23e6607c5435102e7;sao paulo;SP;206;198;0.04854368932038835;4.201970443349754
850f4f8af5ea87287ac68de36e29107f;sao paulo;SP;191;186;0.04712041884816754;4.288770053475936
18a349e75d307f4b4cc646a691ed4216;sao paulo;SP;128;109;0.046875;3.5196850393700787
4830e40640734fc1c52cd21127c341d4;sao paulo;SP;214;204;0.04672897196261682;4.191588785046729
53e4c6e0f4312d4d2107a8c9cddf45cd;pedreira;SP;515;463;0.04660194174757282;4.085769980506822
7e93a43ef30c4f03f38b393420bc753a;barueri;SP;322;319;0.046583850931677016;4.364485981308412
670c26e0f1bf8d0576271d5cfaec6d2b;maringa;PR;86;77;0.046511627906976744;4.348837209302325
d2374cbcbb3ca4ab1086534108cc3ab7;ibitinga;SP;646;514;0.04643962848297214;3.644757433489828
44073f8b7e41514de3b7815dd0237f4f;brasilia;DF;151;142;0.046357615894039736;3.7466666666666666
01cf7e3d21494c41fb86034f2e714fa1;francisco beltrao;PR;65;59;0.046153846153846156;4.1875
05d2173d43ea568aa0540eba70d2ca76;alfenas;MG;66;62;0.045454545454545456;4.0
0c8380b62e38e8a1e6adbeba7eb9688c;tres coracoes;MG;220;180;0.045454545454545456;4.068807339449541
2138ccb85b11a4ec1e37afbd1c8eda1f;sao paulo;SP;420;388;0.04523809523809524;3.918854415274463
92eb0f42c21942b6552362b9b114707d;sao paulo;SP;358;334;0.0446927374301676;3.957865168539326
5a8e7d5003a1f221f9e1d6e411de7c23;campinas;SP;179;137;0.0446927374301676;4.189944134078212
0adac9fbd9a2b63cccaac4f8756c1ca8;louveira;SP;135;106;0.044444444444444446;4.007407407407407
cca3071e3e9bb7d12640c9fbe2301306;ibitinga;SP;836;699;0.04425837320574163;3.885225885225885
0241d4d5d36f10f80c644447315af0bd;curitiba;PR;249;238;0.04417670682730924;4.278225806451613
7d456afc660226829370f3173d14520c;mogi das cruzes;SP;91;55;0.04395604395604396;4.274725274725275
41b39e28db005d9731d9d485a83b4c38;santo andre;SP;230;187;0.043478260869565216;4.226086956521739
128639473a139ac0f3e5f5ade55873a5;maringa;PR;554;527;0.04332129963898917;4.202554744525547
1b4c3a6f53068f0b6944d2d005c9fc89;sao ludgero;SC;116;111;0.04310344827586207;4.147826086956521
d50d79cb34e38265a8649c383dcffd48;sao paulo;SP;70;70;0.04285714285714286;4.246376811594203
dee656f0f566ed1aa85bd137c943f08f;cruzeiro;SP;94;92;0.0425531914893617;4.382978723404255
dbb9b48c841a0e39e21f98e1a6b2ec3e;sao paulo;SP;118;108;0.0423728813559322;4.203389830508475
a3a38f4affed601eb87a97788c949667;joinville;SC;260;251;0.04230769230769231;4.403100775193798
79ebd9a61bac3eaf882805ed4ecfa12a;cascavel;PR;142;133;0.04225352112676056;4.02112676056338
2528513dd95219a6013d4d05176e391a;osasco;SP;166;160;0.04216867469879518;3.96319018404908
7299e27ed73d2ad986de7f7c77d919fa;araguari;MG;358;335;0.04189944134078212;4.430167597765363
066a6914e1ebf3ea95a216c73a986b91;foz do iguacu;PR;72;66;0.041666666666666664;3.9722222222222223
81a1104df0f08b59c68aa5b03cfe398e;sao jose dos pinhais;PR;72;72;0.041666666666666664;4.314285714285714
7b07b3c7487f0ea825fc6df75abd658b;sao paulo;SP;96;91;0.041666666666666664;4.395833333333333
0509040ea3fe50071181bbc359eb7738;belo horizonte;MG;96;87;0.041666666666666664;4.494736842105263
6edacfd9f9074789dad6d62ba7950b9c;guarulhos;SP;217;205;0.041474654377880185;4.387096774193548
db4350fd57ae30082dec7acbaacc17f9;sao paulo;SP;145;136;0.041379310344827586;4.145833333333333
1c129092bf23f28a5930387c980c0dfc;sao paulo;SP;219;200;0.0410958904109589;4.18348623853211
813348c996469b40f2e028d5429d3495;jundiai;SP;195;172;0.041025641025641026;4.005208333333333
87142160b41353c4e5fca2360caf6f92;porto alegre;RS;342;305;0.04093567251461988;4.366568914956011
0c7533c71df861ec58ad7ff999ed0e8d;valinhos;SP;74;61;0.04054054054054054;4.04054054054054
e333046ce6517bd8bb510291d44f0130;ipaussu;SP;74;68;0.04054054054054054;4.391891891891892
dbd66278cbfe1aa1000f90a217ca4695;sao paulo;SP;99;85;0.04040404040404041;4.454545454545454
9d4db00d65d7760644ac0c14edb5fd86;sorocaba;SP;99;97;0.04040404040404041;4.540816326530612
688756f717c462a206ad854c5027a64a;guarulhos;SP;100;81;0.04;3.783505154639175
25cf099de44674fde97473224f9d59ab;cotia;SP;50;50;0.04;4.326530612244898
1da3aeb70d7989d1e6d9b0e887f97c23;sao paulo;SP;326;261;0.03987730061349693;4.073846153846154
7008613ea464bad5cb9b83456e1e6a8f;canoinhas;SC;152;123;0.039473684210526314;4.291390728476821
c33847515fa6305ce6feb1e818569f13;brusque;SC;128;114;0.0390625;3.71875
080102cd0a76b09e0dcf55fcacc60e05;belo horizonte;MG;128;122;0.0390625;4.53125
94144541854e298c2d976cb893b81343;viamao;RS;77;68;0.03896103896103896;4.2894736842105265
f7720c4fa8e3aba4546301ab80ea1f1b;curitiba;PR;78;59;0.038461538461538464;4.230769230769231
4d6d651bd7684af3fffabd5f08d12e5a;jau;SP;391;363;0.03836317135549872;4.205128205128205
aafe36600ce604f205b86b5084d3d767;sao jose;SC;131;129;0.03816793893129771;4.3816793893129775
7202e2ba20579a9bd1acb29e61fe71f6;franca;SP;53;51;0.03773584905660377;3.9423076923076925
9f505651f4a6abe901a56cdc21508025;sao paulo;SP;427;393;0.03747072599531616;4.307328605200945
669ae81880e08f269a64487cfb287169;rio do sul;SC;187;161;0.0374331550802139;4.118279569892473
9de4643a8dbde634fe55621059d92273;joinville;SC;81;72;0.037037037037037035;4.530864197530864
640e21a7d01df7614a3b4923e990d40c;ibitinga;SP;136;115;0.03676470588235294;4.286764705882353
282f23a9769b2690c5dda22e316f9941;belo horizonte;MG;109;98;0.03669724770642202;4.330275229357798
710e3548e02bc1d2831dfc4f1b5b14d4;rolandia;PR;137;131;0.0364963503649635;3.463235294117647
0db783cfcd3b73998abc6e10e59a102f;santos;SP;137;132;0.0364963503649635;4.213235294117647
2dee2ce60de9709b1a24083217181a1f;sinop;MT;55;54;0.03636363636363636;4.363636363636363
eeb6de78f79159600292e314a77cbd18;lages;SC;83;82;0.03614457831325301;4.421686746987952
d91fb3b7d041e83b64a00a3edfb37e4f;praia grande;SP;554;524;0.036101083032490974;4.143636363636364
701938c450705b8ae65fc923b70f35c7;s jose do rio preto;SP;111;74;0.036036036036036036;3.7545454545454544
a7f13822ceb966b076af67121f87b063;itaquaquecetuba;SP;84;73;0.03571428571428571;3.4939759036144578
750303a20e9c56b2a6bc45cdce0b897d;goiania;GO;56;53;0.03571428571428571;4.339285714285714
ebd2d60905fb58271facef5596b620d3;lencois paulista;SP;85;82;0.03529411764705882;4.235294117647059
00fc707aaaad2d31347cf883cd2dfe10;maringa;PR;142;103;0.035211267605633804;3.7375886524822697
e8b3a3a38279a82f0e5d006d5e5b7d2c;jussara;PR;86;80;0.03488372093023256;3.941860465116279
537eb890efff034a88679788b647c564;rio de janeiro;RJ;172;158;0.03488372093023256;4.180232558139535
1a3df491d1c4f1589fc2b934ada68bf2;joinville;SC;173;160;0.03468208092485549;4.236994219653179
3bdff180c7e1f6551a643b99c265a120;sao paulo;SP;58;56;0.034482758620689655;4.175438596491228
c864036feaab8c1659f65ea4faebe1da;campo largo;PR;58;58;0.034482758620689655;4.568965517241379
376a891762bbdecbc02b4b6adec3fdda;goiania;GO;58;57;0.034482758620689655;4.672413793103448
30a2f535bb48308f991d0b9ad4a8c4bb;santa barbara d'oeste;SP;88;71;0.03409090909090909;4.261363636363637
062ce95fa2ad4dfaedfc79260130565f;lajeado;RS;59;54;0.03389830508474576;4.016949152542373
1c68394e931a64f90ea236c5ea590300;sarandi;PR;178;142;0.033707865168539325;3.943820224719101
6b243f80ed07b10f0e8aa0f21a205f3c;curitiba;PR;89;79;0.033707865168539325;4.022471910112359
4e7c18b98d84e05cbae3ff0ff03846c2;jaboticabal;SP;90;81;0.03333333333333333;4.179775280898877
c6bda72e4dbf5c5866b13cb1810c6d03;sao paulo;SP;60;59;0.03333333333333333;4.383333333333334
3078096983cf766a32a06257648502d1;scao jose do rio pardo;SP;61;56;0.03278688524590164;4.295081967213115
0b90b6df587eb83608a64ea8b390cf07;maringa;PR;214;163;0.03271028037383177;4.028169014084507
7178f9f4dd81dcef02f62acdf8151e01;videira;SC;217;202;0.03225806451612903;4.046296296296297
05ff92fedb5be47920fea08e501238b9;santo angelo;RS;62;57;0.03225806451612903;4.241935483870968
2ff97219cb8622eaf3cd89b7d9c09824;salto;SP;94;87;0.031914893617021274;4.553191489361702
36a968b544695394e4e9d7572688598f;santos;SP;157;148;0.03184713375796178;3.732484076433121
de722cd6dad950a92b7d4f82673f8833;recife;PE;377;337;0.03183023872679045;4.167553191489362
9b013e03b2ab786505a1d3b5c0756754;vicente de carvalho;SP;220;170;0.031818181818181815;4.0607476635514015
febab0275244b9a49a623f0bd613ca2f;pedreira;SP;126;106;0.031746031746031744;4.317460317460317
95e03ca3d4146e4011985981aeb959b9;rio de janeiro;RJ;192;172;0.03125;4.005263157894737
ff063b022a9a0aab91bad2c9088760b7;santo andre;SP;96;94;0.03125;4.28421052631579
cce6ab8d1682639fe45ab70234f1665f;curitiba;SP;64;61;0.03125;4.53125
95f83f51203c626648c875dd41874c7f;borda da mata;MG;65;50;0.03076923076923077;3.2153846153846155
1838dd9b8977065acf51d95e0053ea7a;belo horizonte;MG;65;62;0.03076923076923077;4.338461538461538
80e6699fe29150b372a0c8a1ebf7dcc8;pinhais;PR;98;96;0.030612244897959183;4.350515463917525
562fc2f2c2863ab7e79a9e4388a58a14;campinas;SP;265;255;0.03018867924528302;4.247148288973384
53243585a1d6dc2643021fd1853d8905;lauro de freitas;BA;400;348;0.03;4.128140703517588
b76dba6c951ab00dc4edf0a1aa88037e;sao paulo;SP;167;157;0.029940119760479042;4.1878787878787875
966cb4760537b1404caedd472cc610a5;diadema;SP;68;67;0.029411764705882353;4.117647058823529
aced59e9b31ef866a94f9e7f29d8d418;sao paulo;SP;69;61;0.028985507246376812;4.434782608695652
1e8b33f18b4f7598d87f5cbee2282cc2;sao paulo;SP;139;122;0.02877697841726619;4.306569343065694
76d64c4aca3a7baf218bf93ef7fa768d;curitiba;PR;70;64;0.02857142857142857;4.128571428571429
fcb5ace8bcc92f75707dc0f01a27d269;guarulhos;SP;71;59;0.028169014084507043;3.914285714285714
b92e3c8f9738272ff7c59e111e108d7c;uba;MG;71;62;0.028169014084507043;4.070422535211268
7722b1df1b0e383e000397b2c11e3e19;sao bernardo do campo;SP;144;133;0.027777777777777776;4.223776223776224
d94a40fd42351c259927028d163af842;baependi;MG;109;100;0.027522935779816515;4.132075471698113
116ccb1a1604bc88e4d234a8c23f33de;sao bernardo do campo;SP;73;61;0.0273972602739726;4.602739726027397
aaed1309374718fdd995ee4c58c9dfcd;timbo;SC;111;104;0.02702702702702703;4.045045045045045
98dac6635aee4995d501a3972e047414;sao paulo;SP;190;89;0.02631578947368421;3.8882978723404253
25e6ffe976bd75618accfe16cefcbd0d;sao paulo;SP;115;106;0.02608695652173913;4.417391304347826
9e6229250fedbe05838fef417b74e7fb;mirandopolis;SP;77;73;0.025974025974025976;3.896103896103896
5f1dc28029d2c244352a68107ec2b542;sao paulo;SP;78;62;0.02564102564102564;4.428571428571429
2a84855fd20af891be03bc5924d2b453;belo horizonte;MG;159;155;0.025157232704402517;4.360759493670886
709e16e2b25c7474d980076c6bfc4806;birigui;SP;80;60;0.025;4.525
37be5a7c751166fbc5f8ccba4119e043;sao paulo;SP;282;269;0.024822695035460994;4.311827956989247
516e7738bd8f735ac19a010ee5450d8d;rio de janeiro;RJ;82;74;0.024390243902439025;4.609756097560975
dbc22125167c298ef99da25668e1011f;borda da mata;MG;418;394;0.023923444976076555;4.273381294964029
b4ffb71f0cb1b1c3d63fad021ecf93e1;sao paulo;SP;171;143;0.023391812865497075;4.04093567251462
0432ead42b6c8a0bdf68154add917fdf;maua;SP;87;82;0.022988505747126436;4.551724137931035
bd23da7354813347129d751591d1a6e2;sao paulo;SP;88;86;0.022727272727272728;4.137931034482759
d98eec89afa3380e14463da2aabaea72;porto alegre;RS;184;168;0.021739130434782608;4.2896174863387975
85d9eb9ddc5d00ca9336a2219c97bb13;belo horizonte;MG;515;499;0.021359223300970873;4.21484375
8bb48dc19fccaa8613b6229bf7f452a2;assis;SP;96;82;0.020833333333333332;4.34375
229c3efbfb0ea2058de4ccdfbc3d784a;belo horizonte;MG;145;118;0.020689655172413793;3.6433566433566433
9674754b5a0cb32b638cec001178f799;sao paulo;SP;98;84;0.02040816326530612;4.081632653061225
ac3508719a1d8f5b7614b798f70af136;canoas;RS;101;101;0.019801980198019802;4.64
cab85505710c7cb9b720bceb52b01cee;sao paulo;SP;206;201;0.019417475728155338;4.336585365853659
5cf13accae3222c70a9cac40818ae839;patos de minas;MG;155;148;0.01935483870967742;4.461038961038961
86ccac0b835037332a596a33b6949ee1;blumenau;SC;210;178;0.01904761904761905;4.033492822966507
8a432f4e5b471f8da497d7dc517666e2;presidente prudente;SP;106;95;0.018867924528301886;4.201923076923077
6c177e38df6d3f34182b1f1d427231bf;curitiba;PR;54;53;0.018518518518518517;4.148148148148148
a5cba26a62b8b4d0145b68b841e62e7f;campo mourao;PR;54;53;0.018518518518518517;4.574074074074074
8c16d1f32a54d92897cc437244442e1b;blumenau;SC;118;108;0.01694915254237288;4.327586206896552
1b8356dabde1d35e17cef975c3f82730;sao paulo;SP;60;55;0.016666666666666666;4.133333333333334
289cdb325fb7e7f891c38608bf9e0962;belo horizonte;SP;125;109;0.016;4.592
33a6f4b1e7cdc205511e76ba1b6e0186;guarulhos;SP;126;105;0.015873015873015872;4.357142857142857
6c7d50c24b3ccd2fd83b44d8bb34e073;presidente prudente;SP;126;112;0.015873015873015872;4.44
609e1a9a6c2539919b8205cf7c4e6ff0;brusque;SC;130;87;0.015384615384615385;3.598360655737705
cb8bcce248bb1fb274ba762d8b971456;santa rita do sapucai;MG;67;66;0.014925373134328358;4.343283582089552
751bdc4d83a466c7206cd42e8f426b03;ribeirao pires;SP;70;51;0.014285714285714285;3.6323529411764706
582d4f8675b945722eda7c0cb61ba4c7;bertioga;SP;71;59;0.014084507042253521;4.112676056338028
91f848e9f4be368f4318775aac733370;sao paulo;SP;71;60;0.014084507042253521;4.3768115942028984
e26901d5ab434ce92fd9b5c256820a4e;maua;SP;215;197;0.013953488372093023;4.144186046511628
520b493b57809f446cb0a233bb3e25c7;santos;SP;74;63;0.013513513513513514;4.378378378378378
ce27a3cc3c8cc1ea79d11e561e9bebb6;sao paulo;SP;151;122;0.013245033112582781;4.118110236220472
d921b68bf747894be13a97ae52b0f386;formiga;MG;77;77;0.012987012987012988;4.558441558441558
9d5a9018aee56acb367ba9c3f05d1d6a;aparecida de goiania;GO;78;66;0.01282051282051282;4.435897435897436
6cd68b3ed6d59aaa9fece558ad360c0a;belo horizonte;MG;157;149;0.012738853503184714;4.445859872611465
c3cfdc648177fdbbbb35635a37472c53;curitiba;PR;314;278;0.012738853503184714;4.447284345047923
259f7b5e6e482c230e5bfaa670b6bb8f;poa;SP;163;136;0.012269938650306749;4.265432098765432
744dac408745240a2c2528fb1b6028f3;colombo;PR;83;78;0.012048192771084338;4.554216867469879
080199a181c46c657dc5aa235411be3b;osasco;SP;83;79;0.012048192771084338;4.609756097560975
dfa0c4c6229ab200a4a1336b4d7128ff;florianopolis;SC;86;77;0.011627906976744186;4.011627906976744
0df3984f9dfb3d49ac6366acbd3bbb85;betim;MG;88;86;0.011363636363636364;4.340909090909091
48162d548f5b1b11b9d29d1e01f75a61;piracicaba;SP;89;66;0.011235955056179775;3.8202247191011236
725c32fa80c2faacc4fc88450d27314e;sao paulo;SP;93;89;0.010752688172043012;4.538461538461538
d12c926d74ceff0a90a21184466ce161;sao paulo;SP;99;76;0.010101010101010102;4.111111111111111
5c243662ce92d84573bfaff24c3e3700;sao paulo;SP;101;98;0.009900990099009901;4.13
530ec6109d11eaaf87999465c6afee01;cascavel;PR;101;94;0.009900990099009901;4.316831683168317
822166ed1e47908f7cfb49946d03c726;tres rios;RJ;110;69;0.00909090909090909;3.9444444444444446
612170e34b97004b3ba37eae81836b4c;novo hamburgo;RS;110;107;0.00909090909090909;4.427272727272728
17ca9b9e9b9ef8fdb529001b49ebb50f;betim;MG;129;115;0.007751937984496124;4.038759689922481
12b9676b00f60f3b700e83af21824c0e;montenegro;RS;134;133;0.007462686567164179;4.526315789473684
ca3bd7cd9f149df75950150d010fe4a2;sao paulo;SP;135;68;0.007407407407407408;3.785185185185185
0ea22c1cfbdc755f86b9b54b39c16043;sete lagoas;MG;273;234;0.007326007326007326;4.353159851301116
0bae85eb84b9fb3bd773911e89288d54;itajai;SP;145;136;0.006896551724137931;4.227586206896552
06e5eefc71ec47ae763c5c6f8db7064f;porto alegre;RS;93;90;0.0;3.956043956043956
fa1a9dec3a9940c072684a46728bf1fc;icara;SC;60;55;0.0;3.983050847457627
cc63f0dd2acba93ffed4fe9f8e0321fa;sao jose do rio preto;SP;63;55;0.0;4.0476190476190474
f3b80352b986ab4d1057a4b724be19d0;brasilia;DF;91;86;0.0;4.164835164835165
b1a81260566c1bac3114a6d124413f27;carazinho;RS;54;51;0.0;4.222222222222222
9616352088dcf83a7c06637f4ebf1c80;umuarama;PR;98;91;0.0;4.275510204081633
fc906263ca5083d09dce42fe02247800;belo horizonte;MG;118;112;0.0;4.38135593220339
2b3e4a2a3ea8e01938cabda2a3e5cc79;sao paulo;SP;54;52;0.0;4.388888888888889
b372ee768ed69e46ca8cdbd267aa7a38;sao jose do rio preto;SP;70;63;0.0;4.4
3504c0cb71d7fa48d967e0e4c94d59d9;maua;SP;53;53;0.0;4.415094339622642
57e632711dec9ec14ca7546769483e7e;navegantes;SC;66;62;0.0;4.424242424242424
d57e18d5f73c7ccb7f7339b61166898d;sao paulo;SP;63;61;0.0;4.444444444444445
8ae520247981aa06bc94abddf5f46d34;navegantes;SC;65;65;0.0;4.446153846153846
e882b2a25a10b9c057cc49695f222c19;teresopolis;RJ;60;57;0.0;4.6
d566c37fa119d5e66c4e9052e83ee4ea;sao paulo;SP;73;65;0.0;4.71830985915493
